	genus	compound	R	pval	qval
8	Dubosiella	HDCA	0.705410511	0.010382974	0.114637298
10	Dubosiella	omega-MCA	0.727272727	0.007355029	0.09929289
13	Dubosiella	HCA	0.712875173	0.00926089	0.108845547
39	Dubosiella	Sucrose	0.748251748	0.005124082	0.084370464
44	Dubosiella	Maltose	0.622377622	0.030675895	0.18405537
46	Ambiguous_taxa	Acetic acid 	0.699300699	0.011374199	0.117679994
47	Ambiguous_taxa	Propionic acid	0.657342657	0.020185499	0.153720335
49	Ambiguous_taxa	Butyric acid	0.797202797	0.001900368	0.054270117
61	Ambiguous_taxa	Alanine	0.833626497	0.000753851	0.046324428
62	Ambiguous_taxa	Proline	0.862168403	0.000309405	0.028716685
63	Ambiguous_taxa	Valine	0.718975037	0.008413264	0.105878791
64	Ambiguous_taxa	Leucine	0.596631655	0.040571236	0.219084674
65	Ambiguous_taxa	Isoleucine	0.772592465	0.003222325	0.070223948
66	Ambiguous_taxa	Glycine	0.713286713	0.00920178	0.108845547
67	Ambiguous_taxa	4-Aminobutyric acid	0.713286713	0.00920178	0.108845547
69	Ambiguous_taxa	Threonine	0.88982059	0.000105995	0.02248617
71	Ambiguous_taxa	4-Hydroxyproline	0.735269157	0.006432813	0.09434061
74	Ambiguous_taxa	Pyruvic acid	0.8231186	0.001004947	0.046635812
75	Ambiguous_taxa	Fumaric acid	0.787521788	0.002357753	0.063085811
76	Ambiguous_taxa	Adenine	0.757203629	0.004346479	0.075052573
80	Ambiguous_taxa	Hydroxypropionic acid	0.694021729	0.012285745	0.120028493
82	Ambiguous_taxa	Taurine	0.774667097	0.003089652	0.068960472
83	Ambiguous_taxa	Arabinose	0.815450062	0.00122559	0.047611899
86	Ambiguous_taxa	Glucose	0.685314685	0.013905969	0.129876501
87	Ambiguous_taxa	Mannose	0.725136935	0.007617294	0.099812292
88	Ambiguous_taxa	Galactose-talose	0.57830387	0.048870169	0.242716392
91	uncultured bacterium	Acetic acid 	0.608391608	0.035805997	0.203270962
92	uncultured bacterium	Propionic acid	0.622377622	0.030675895	0.18405537
94	uncultured bacterium	Butyric acid	0.699300699	0.011374199	0.117679994
106	uncultured bacterium	Alanine	0.774081748	0.003126656	0.068960472
107	uncultured bacterium	Proline	0.828577426	0.000867564	0.046324428
108	uncultured bacterium	Valine	0.711856472	0.009408426	0.108845547
109	uncultured bacterium	Leucine	0.596631655	0.040571236	0.219084674
110	uncultured bacterium	Isoleucine	0.757663142	0.004309133	0.075052573
111	uncultured bacterium	Glycine	0.699300699	0.011374199	0.117679994
112	uncultured bacterium	4-Aminobutyric acid	0.671328671	0.016831456	0.1400264
114	uncultured bacterium	Threonine	0.896939155	7.68E-05	0.017775352
116	uncultured bacterium	4-Hydroxyproline	0.761395473	0.004014726	0.073195663
119	uncultured bacterium	Pyruvic acid	0.700526468	0.011169929	0.117279638
120	uncultured bacterium	Fumaric acid	0.821112765	0.001059431	0.047611899
121	uncultured bacterium	Adenine	0.757203629	0.004346479	0.075052573
125	uncultured bacterium	Hydroxypropionic acid	0.701819726	0.010957379	0.116471677
127	uncultured bacterium	Taurine	0.767624669	0.003557617	0.070223948
128	uncultured bacterium	Arabinose	0.815450062	0.00122559	0.047611899
131	uncultured bacterium	Glucose	0.615384615	0.033169901	0.194308888
132	uncultured bacterium	Mannose	0.725136935	0.007617294	0.099812292
133	uncultured bacterium	Galactose-talose	0.640710763	0.024780463	0.166591021
151	uncultured Bacteroidales bacterium	Alanine	0.67250541	0.016569291	0.139013541
153	uncultured Bacteroidales bacterium	Valine	0.64778939	0.022740883	0.160431054
156	uncultured Bacteroidales bacterium	Glycine	0.622377622	0.030675895	0.18405537
159	uncultured Bacteroidales bacterium	Threonine	0.590840872	0.04307592	0.225321961
163	uncultured Bacteroidales bacterium	L-Lactic acid	0.608391608	0.035805997	0.203270962
164	uncultured Bacteroidales bacterium	Pyruvic acid	0.725044895	0.007628751	0.099812292
165	uncultured Bacteroidales bacterium	Fumaric acid	0.608369912	0.035814401	0.203270962
172	uncultured Bacteroidales bacterium	Taurine	0.746497384	0.00528802	0.085355533
173	uncultured Bacteroidales bacterium	Arabinose	0.607427087	0.036180975	0.204086875
177	uncultured Bacteroidales bacterium	Mannose	0.734315883	0.006537925	0.09434061
178	uncultured Bacteroidales bacterium	Galactose-talose	0.657352601	0.020182953	0.153720335
181	Bacteroides	Acetic acid 	-0.846153846	0.000521134	0.035763821
182	Bacteroides	Propionic acid	-0.811188811	0.001363315	0.048202932
184	Bacteroides	Butyric acid	-0.825174825	0.000951363	0.046324428
196	Bacteroides	Alanine	-0.858144924	0.000354759	0.030989243
197	Bacteroides	Proline	-0.757663142	0.004309133	0.075052573
198	Bacteroides	Valine	-0.765245708	0.003727255	0.070223948
199	Bacteroides	Leucine	-0.596631655	0.040571236	0.219084674
200	Bacteroides	Isoleucine	-0.824845095	0.000959803	0.046324428
201	Bacteroides	Glycine	-0.769230769	0.00344645	0.070223948
202	Bacteroides	4-Aminobutyric acid	-0.741258741	0.00580115	0.089736546
204	Bacteroides	Threonine	-0.815075661	0.001237242	0.047611899
206	Bacteroides	4-Hydroxyproline	-0.821112765	0.001059431	0.047611899
209	Bacteroides	Pyruvic acid	-0.896673879	7.78E-05	0.017775352
210	Bacteroides	Fumaric acid	-0.880830057	0.00015446	0.025826705
211	Bacteroides	Adenine	-0.757203629	0.004346479	0.075052573
215	Bacteroides	Hydroxypropionic acid	-0.772001698	0.003260885	0.070223948
217	Bacteroides	Taurine	-0.873261091	0.000207389	0.026780236
218	Bacteroides	Arabinose	-0.815450062	0.00122559	0.047611899
221	Bacteroides	Glucose	-0.769230769	0.00344645	0.070223948
222	Bacteroides	Mannose	-0.725136935	0.007617294	0.099812292
223	Bacteroides	Galactose-talose	-0.703117655	0.010747098	0.116471677
228	Lachnospiraceae NK4A136 group	Isobutyric acid	-0.594405594	0.041521494	0.221013965
283	Lactobacillus	HCA	0.768860134	0.003471866	0.070223948
288	Lactobacillus	Valine	0.615755849	0.03303397	0.194308888
291	Lactobacillus	Glycine	0.629370629	0.028319671	0.174500879
302	Lactobacillus	Niacin	0.734265734	0.00654349	0.09434061
307	Lactobacillus	Taurine	0.64790339	0.022709071	0.160431054
309	Lactobacillus	Sucrose	0.629370629	0.028319671	0.174500879
314	Lactobacillus	Maltose	0.797202797	0.001900368	0.054270117
316	Blautia	Acetic acid 	-0.587412587	0.044609296	0.228734256
317	Blautia	Propionic acid	-0.636363636	0.026096891	0.168495144
319	Blautia	Butyric acid	-0.643356643	0.024003191	0.165789483
331	Blautia	Alanine	-0.71803963	0.008539324	0.106562152
332	Blautia	Proline	-0.701678181	0.010980495	0.116471677
333	Blautia	Valine	-0.683382213	0.014285964	0.130819992
335	Blautia	Isoleucine	-0.683016527	0.014358724	0.130819992
336	Blautia	Glycine	-0.692307692	0.01259303	0.122226472
337	Blautia	4-Aminobutyric acid	-0.636363636	0.026096891	0.168495144
339	Blautia	Threonine	-0.811516378	0.001352325	0.048202932
341	Blautia	4-Hydroxyproline	-0.686748858	0.013628822	0.129332644
344	Blautia	Pyruvic acid	-0.654992248	0.020793709	0.15691073
345	Blautia	Fumaric acid	-0.806183442	0.001539953	0.052570813
346	Blautia	Adenine	-0.632389844	0.027343876	0.174273204
350	Blautia	Hydroxypropionic acid	-0.686223732	0.013729822	0.129452606
352	Blautia	Taurine	-0.823964094	0.000982639	0.046324428
353	Blautia	Arabinose	-0.740561791	0.005872143	0.090260784
357	Blautia	Mannose	-0.725136935	0.007617294	0.099812292
358	Blautia	Galactose-talose	-0.765524548	0.003707061	0.070223948
378	uncultured	Valine	-0.605078001	0.037105947	0.207151623
381	uncultured	Glycine	-0.664335664	0.018452718	0.146145527
382	uncultured	4-Aminobutyric acid	-0.587412587	0.044609296	0.228734256
384	uncultured	Threonine	-0.619315131	0.031750898	0.188978293
390	uncultured	Fumaric acid	-0.64942555	0.022287393	0.15950255
397	uncultured	Taurine	-0.83804895	0.000664043	0.041961869
403	uncultured	Galactose-talose	-0.761364088	0.004017136	0.073195663
404	uncultured	Maltose	-0.622377622	0.030675895	0.18405537
406	Alistipes	Acetic acid 	-0.776223776	0.002992864	0.068960472
407	Alistipes	Propionic acid	-0.699300699	0.011374199	0.117679994
409	Alistipes	Butyric acid	-0.79020979	0.002223135	0.061136224
414	Alistipes	beta-MCA	0.601398601	0.038588453	0.212630251
421	Alistipes	Alanine	-0.851139659	0.000445901	0.032787796
422	Alistipes	Proline	-0.683016527	0.014358724	0.130819992
423	Alistipes	Valine	-0.868464896	0.000247625	0.027238744
424	Alistipes	Leucine	-0.670063243	0.017116767	0.140086374
425	Alistipes	Isoleucine	-0.828577426	0.000867564	0.046324428
426	Alistipes	Glycine	-0.965034965	3.88E-07	0.000384218
427	Alistipes	4-Aminobutyric acid	-0.937062937	6.99E-06	0.0029671
428	Alistipes	Serine	-0.706779038	0.010170063	0.113538157
429	Alistipes	Threonine	-0.797279249	0.00189705	0.054270117
431	Alistipes	4-Hydroxyproline	-0.802451111	0.001682711	0.054270117
432	Alistipes	Lysine	-0.679242192	0.015125767	0.135311834
434	Alistipes	Pyruvic acid	-0.732050159	0.00679293	0.096071439
435	Alistipes	Fumaric acid	-0.780057126	0.002764356	0.067296217
436	Alistipes	Adenine	-0.673994439	0.016241865	0.139013541
437	Alistipes	Niacin	-0.643356643	0.024003191	0.165789483
442	Alistipes	Taurine	-0.880303519	0.000157757	0.025826705
443	Alistipes	Arabinose	-0.599106168	0.039533161	0.216586051
446	Alistipes	Glucose	-0.888111888	0.000114134	0.022598452
448	Alistipes	Galactose-talose	-0.586624789	0.044967035	0.229077347
449	Alistipes	Maltose	-0.685314685	0.013905969	0.129876501
493	Unclassified	Galactose-talose	-0.669833979	0.017168835	0.140086374
511	Alloprevotella	Alanine	-0.651489616	0.021724735	0.158454109
513	Alloprevotella	Valine	-0.722534319	0.007946279	0.102610642
516	Alloprevotella	Glycine	-0.706293706	0.010245194	0.113538157
517	Alloprevotella	4-Aminobutyric acid	-0.678321678	0.015317329	0.135702718
527	Alloprevotella	Niacin	-0.629370629	0.028319671	0.174500879
536	Alloprevotella	Glucose	-0.615384615	0.033169901	0.194308888
539	Alloprevotella	Maltose	-0.643356643	0.024003191	0.165789483
582	Parasutterella	Mannose	0.624168501	0.030059525	0.182197527
583	Parasutterella	Galactose-talose	0.711438574	0.009469453	0.108845547
589	Muribaculum	Butyric acid	0.636363636	0.026096891	0.168495144
601	Muribaculum	Alanine	0.788092277	0.002328675	0.062874229
602	Muribaculum	Proline	0.824845095	0.000959803	0.046324428
603	Muribaculum	Valine	0.711856472	0.009408426	0.108845547
605	Muribaculum	Isoleucine	0.683016527	0.014358724	0.130819992
606	Muribaculum	Glycine	0.636363636	0.026096891	0.168495144
607	Muribaculum	4-Aminobutyric acid	0.636363636	0.026096891	0.168495144
609	Muribaculum	Threonine	0.868464896	0.000247625	0.027238744
611	Muribaculum	4-Hydroxyproline	0.679284196	0.015117068	0.135311834
614	Muribaculum	Pyruvic acid	0.686515939	0.013673552	0.129332644
615	Muribaculum	Fumaric acid	0.739001488	0.006033446	0.091894031
616	Muribaculum	Adenine	0.694796736	0.012148643	0.120028493
620	Muribaculum	Hydroxypropionic acid	0.608243762	0.035863294	0.203270962
622	Muribaculum	Taurine	0.697200387	0.011730636	0.118101659
623	Muribaculum	Arabinose	0.778005926	0.002884909	0.068709632
626	Muribaculum	Glucose	0.615384615	0.033169901	0.194308888
627	Muribaculum	Mannose	0.725136935	0.007617294	0.099812292
646	Roseburia	Alanine	-0.605955395	0.036758516	0.205918265
648	Roseburia	Valine	-0.619315131	0.031750898	0.188978293
650	Roseburia	Isoleucine	-0.60090525	0.03879039	0.213347147
651	Roseburia	Glycine	-0.664335664	0.018452718	0.146145527
652	Roseburia	4-Aminobutyric acid	-0.615384615	0.033169901	0.194308888
654	Roseburia	Threonine	-0.676263649	0.015752067	0.138004835
660	Roseburia	Fumaric acid	-0.69794585	0.011603191	0.118101659
665	Roseburia	Hydroxypropionic acid	-0.670627738	0.016989057	0.140086374
667	Roseburia	Taurine	-0.831006522	0.000811316	0.046324428
673	Roseburia	Galactose-talose	-0.815450062	0.00122559	0.047611899
674	Roseburia	Maltose	-0.615384615	0.033169901	0.194308888
676	Prevotellaceae UCG-001	Acetic acid 	0.612691249	0.034168139	0.198290647
677	Prevotellaceae UCG-001	Propionic acid	0.591563965	0.042757332	0.225321961
679	Prevotellaceae UCG-001	Butyric acid	0.774667097	0.003089652	0.068960472
691	Prevotellaceae UCG-001	Alanine	0.804244062	0.00161292	0.053503701
692	Prevotellaceae UCG-001	Proline	0.800604798	0.001756975	0.054270117
693	Prevotellaceae UCG-001	Valine	0.767069435	0.003596674	0.070223948
694	Prevotellaceae UCG-001	Leucine	0.674798732	0.016067	0.139013541
695	Prevotellaceae UCG-001	Isoleucine	0.672808727	0.016502204	0.139013541
696	Prevotellaceae UCG-001	Glycine	0.823964094	0.000982639	0.046324428
697	Prevotellaceae UCG-001	4-Aminobutyric acid	0.781709525	0.002670066	0.067286671
698	Prevotellaceae UCG-001	Serine	0.711774005	0.009420445	0.108845547
699	Prevotellaceae UCG-001	Threonine	0.939122393	5.94E-06	0.0029671
701	Prevotellaceae UCG-001	4-Hydroxyproline	0.785569966	0.002459337	0.065216353
702	Prevotellaceae UCG-001	Lysine	0.68404255	0.014155266	0.130819992
704	Prevotellaceae UCG-001	Pyruvic acid	0.670203385	0.017084996	0.140086374
705	Prevotellaceae UCG-001	Fumaric acid	0.747982886	0.005148953	0.084370464
706	Prevotellaceae UCG-001	Adenine	0.754175233	0.004598766	0.078496176
712	Prevotellaceae UCG-001	Taurine	0.723404255	0.007835154	0.101617498
713	Prevotellaceae UCG-001	Arabinose	0.695517159	0.012022218	0.120028493
716	Prevotellaceae UCG-001	Glucose	0.76058224	0.004077534	0.07384314
722	Coriobacteriaceae UCG-002	Propionic acid	-0.587412587	0.044609296	0.228734256
730	Coriobacteriaceae UCG-002	omega-MCA	0.818181818	0.001143105	0.047611899
737	Coriobacteriaceae UCG-002	Proline	-0.645693219	0.023331633	0.164113871
739	Coriobacteriaceae UCG-002	Leucine	-0.587452707	0.044591132	0.228734256
747	Coriobacteriaceae UCG-002	Lysine	-0.587452707	0.044591132	0.228734256
751	Coriobacteriaceae UCG-002	Adenine	-0.765524548	0.003707061	0.070223948
758	Coriobacteriaceae UCG-002	Arabinose	-0.798808224	0.001831626	0.054270117
759	Coriobacteriaceae UCG-002	Sucrose	0.58041958	0.047855977	0.240088262
760	Coriobacteriaceae UCG-002	Fructose	-0.601844441	0.038406608	0.212021607
762	Coriobacteriaceae UCG-002	Mannose	-0.660884295	0.019293714	0.149614439
826	Ruminiclostridium 9	Alanine	-0.665500145	0.018175124	0.14589221
828	Ruminiclostridium 9	Valine	-0.697619343	0.011658884	0.118101659
831	Ruminiclostridium 9	Glycine	-0.706293706	0.010245194	0.113538157
832	Ruminiclostridium 9	4-Aminobutyric acid	-0.608391608	0.035805997	0.203270962
834	Ruminiclostridium 9	Threonine	-0.612196566	0.034353793	0.198322609
840	Ruminiclostridium 9	Fumaric acid	-0.679284196	0.015117068	0.135311834
842	Ruminiclostridium 9	Niacin	-0.594405594	0.041521494	0.221013965
847	Ruminiclostridium 9	Taurine	-0.873261091	0.000207389	0.026780236
851	Ruminiclostridium 9	Glucose	-0.594405594	0.041521494	0.221013965
853	Ruminiclostridium 9	Galactose-talose	-0.653192141	0.021268478	0.158314232
854	Ruminiclostridium 9	Maltose	-0.587412587	0.044609296	0.228734256
892	Lachnoclostridium	Taurine	-0.711285243	0.009491918	0.108845547
897	Lachnoclostridium	Mannose	-0.624168501	0.030059525	0.182197527
898	Lachnoclostridium	Galactose-talose	-0.711438574	0.009469453	0.108845547
937	Oscillibacter	Taurine	-0.697200387	0.011730636	0.118101659
943	Oscillibacter	Galactose-talose	-0.761364088	0.004017136	0.073195663
958	Rikenella	HCA	-0.64942555	0.022287393	0.15950255
963	Rikenella	Valine	-0.697619343	0.011658884	0.118101659
966	Rikenella	Glycine	-0.741258741	0.00580115	0.089736546
967	Rikenella	4-Aminobutyric acid	-0.629370629	0.028319671	0.174500879
977	Rikenella	Niacin	-0.727272727	0.007355029	0.09929289
982	Rikenella	Taurine	-0.788751953	0.002295394	0.06254423
984	Rikenella	Sucrose	-0.65034965	0.022034191	0.158454109
989	Rikenella	Maltose	-0.797202797	0.001900368	0.054270117
999	Ruminococcaceae UCG-014	beta-MCA	-0.58041958	0.047855977	0.240088262
1008	Ruminococcaceae UCG-014	Valine	0.576603743	0.04969603	0.245995347
1011	Ruminococcaceae UCG-014	Glycine	0.727272727	0.007355029	0.09929289
1012	Ruminococcaceae UCG-014	4-Aminobutyric acid	0.727272727	0.007355029	0.09929289
1022	Ruminococcaceae UCG-014	Niacin	0.748251748	0.005124082	0.084370464
1027	Ruminococcaceae UCG-014	Taurine	0.690157959	0.012986426	0.125069134
1029	Ruminococcaceae UCG-014	Sucrose	0.734265734	0.00654349	0.09434061
1031	Ruminococcaceae UCG-014	Glucose	0.664335664	0.018452718	0.146145527
1034	Ruminococcaceae UCG-014	Maltose	0.783216783	0.002586215	0.067286671
1037	[Eubacterium] coprostanoligenes group	Propionic acid	0.671328671	0.016831456	0.1400264
1045	[Eubacterium] coprostanoligenes group	omega-MCA	-0.636363636	0.026096891	0.168495144
1048	[Eubacterium] coprostanoligenes group	HCA	-0.608369912	0.035814401	0.203270962
1063	[Eubacterium] coprostanoligenes group	L-Lactic acid	0.636363636	0.026096891	0.168495144
1066	[Eubacterium] coprostanoligenes group	Adenine	0.653192141	0.021268478	0.158314232
1068	[Eubacterium] coprostanoligenes group	5-Amino-n-valeric acid	0.636363636	0.026096891	0.168495144
1073	[Eubacterium] coprostanoligenes group	Arabinose	0.644871222	0.023566307	0.164686901
1074	[Eubacterium] coprostanoligenes group	Sucrose	-0.678321678	0.015317329	0.135702718
1077	[Eubacterium] coprostanoligenes group	Mannose	0.596631655	0.040571236	0.219084674
1096	Ruminiclostridium	Alanine	-0.694736842	0.012159198	0.120028493
1098	Ruminiclostridium	Valine	-0.71310425	0.009227952	0.108845547
1100	Ruminiclostridium	Isoleucine	-0.676736006	0.015651493	0.137529395
1101	Ruminiclostridium	Glycine	-0.767076483	0.003596176	0.070223948
1102	Ruminiclostridium	4-Aminobutyric acid	-0.760071218	0.00411738	0.073950275
1104	Ruminiclostridium	Threonine	-0.613269655	0.033951976	0.198108777
1110	Ruminiclostridium	Fumaric acid	-0.639347277	0.025188058	0.167356898
1112	Ruminiclostridium	Niacin	-0.683013307	0.014359366	0.130819992
1117	Ruminiclostridium	Taurine	-0.864209628	0.000288195	0.028531334
1121	Ruminiclostridium	Glucose	-0.59895013	0.039598056	0.216586051
1123	Ruminiclostridium	Galactose-talose	-0.73352438	0.006626176	0.095071218
1124	Ruminiclostridium	Maltose	-0.714536998	0.009023925	0.108845547
1126	mouse gut metagenome	Acetic acid 	0.643356643	0.024003191	0.165789483
1127	mouse gut metagenome	Propionic acid	0.636363636	0.026096891	0.168495144
1129	mouse gut metagenome	Butyric acid	0.727272727	0.007355029	0.09929289
1141	mouse gut metagenome	Alanine	0.728547527	0.007201751	0.09929289
1142	mouse gut metagenome	Proline	0.854703741	0.000397509	0.0310685
1143	mouse gut metagenome	Valine	0.658467237	0.019899135	0.153109925
1144	mouse gut metagenome	Leucine	0.587452707	0.044591132	0.228734256
1145	mouse gut metagenome	Isoleucine	0.765127803	0.003735819	0.070223948
1146	mouse gut metagenome	Glycine	0.685314685	0.013905969	0.129876501
1147	mouse gut metagenome	4-Aminobutyric acid	0.636363636	0.026096891	0.168495144
1149	mouse gut metagenome	Threonine	0.850668484	0.000452626	0.032787796
1151	mouse gut metagenome	4-Hydroxyproline	0.709142842	0.009809986	0.111630872
1154	mouse gut metagenome	Pyruvic acid	0.728547527	0.007201751	0.09929289
1155	mouse gut metagenome	Fumaric acid	0.768860134	0.003471866	0.070223948
1156	mouse gut metagenome	Adenine	0.765524548	0.003707061	0.070223948
1160	mouse gut metagenome	Hydroxypropionic acid	0.631637753	0.027584641	0.174500879
1162	mouse gut metagenome	Taurine	0.718327672	0.008500357	0.106523459
1163	mouse gut metagenome	Arabinose	0.807129143	0.001505305	0.052495292
1166	mouse gut metagenome	Glucose	0.629370629	0.028319671	0.174500879
1167	mouse gut metagenome	Mannose	0.734315883	0.006537925	0.09434061
1171	Lactococcus	Acetic acid 	-0.818634943	0.001129847	0.047611899
1172	Lactococcus	Propionic acid	-0.747449296	0.005198584	0.084370464
1174	Lactococcus	Butyric acid	-0.825753508	0.000936688	0.046324428
1186	Lactococcus	Alanine	-0.948428652	2.63E-06	0.001955645
1187	Lactococcus	Proline	-0.86245105	0.000306398	0.028716685
1188	Lactococcus	Valine	-0.855072464	0.000392746	0.0310685
1189	Lactococcus	Leucine	-0.672750311	0.016515109	0.139013541
1190	Lactococcus	Isoleucine	-0.870049738	0.000233711	0.027238744
1191	Lactococcus	Glycine	-0.811516378	0.001352325	0.048202932
1192	Lactococcus	4-Aminobutyric acid	-0.839990637	0.000627337	0.040504137
1193	Lactococcus	Serine	-0.672750311	0.016515109	0.139013541
1194	Lactococcus	Threonine	-0.898550725	7.12E-05	0.017775352
1196	Lactococcus	4-Hydroxyproline	-0.854852363	0.000395584	0.0310685
1197	Lactococcus	Lysine	-0.672750311	0.016515109	0.139013541
1199	Lactococcus	Pyruvic acid	-0.880683748	0.000155371	0.025826705
1200	Lactococcus	Fumaric acid	-0.847253675	0.00050375	0.035622301
1201	Lactococcus	Adenine	-0.81315063	0.001298506	0.047611899
1205	Lactococcus	Hydroxypropionic acid	-0.694575707	0.012187628	0.120028493
1207	Lactococcus	Taurine	-0.824420421	0.000970759	0.046324428
1208	Lactococcus	Arabinose	-0.81315063	0.001298506	0.047611899
1211	Lactococcus	Glucose	-0.879142743	0.000165221	0.025826705
1212	Lactococcus	Mannose	-0.672750311	0.016515109	0.139013541
1217	Tyzzerella	Propionic acid	-0.58041958	0.047855977	0.240088262
1219	Tyzzerella	Butyric acid	-0.608391608	0.035805997	0.203270962
1230	Tyzzerella	UDCA	0.591312396	0.042867981	0.225321961
1231	Tyzzerella	Alanine	-0.732050159	0.00679293	0.096071439
1232	Tyzzerella	Proline	-0.627031566	0.029092727	0.178523555
1233	Tyzzerella	Valine	-0.662026519	0.019012348	0.149062081
1236	Tyzzerella	Glycine	-0.636363636	0.026096891	0.168495144
1237	Tyzzerella	4-Aminobutyric acid	-0.594405594	0.041521494	0.221013965
1239	Tyzzerella	Threonine	-0.733212166	0.006661232	0.095114706
1244	Tyzzerella	Pyruvic acid	-0.665500145	0.018175124	0.14589221
1245	Tyzzerella	Fumaric acid	-0.724072165	0.007750628	0.100962133
1252	Tyzzerella	Taurine	-0.823964094	0.000982639	0.046324428
1253	Tyzzerella	Arabinose	-0.657352601	0.020182953	0.153720335
1257	Tyzzerella	Mannose	-0.734315883	0.006537925	0.09434061
1258	Tyzzerella	Galactose-talose	-0.694796736	0.012148643	0.120028493
1261	[Eubacterium] xylanophilum group	Acetic acid 	0.590840872	0.04307592	0.225321961
1264	[Eubacterium] xylanophilum group	Butyric acid	0.711856472	0.009408426	0.108845547
1274	[Eubacterium] xylanophilum group	alpha-MCA	-0.629992978	0.028116508	0.174500879
1276	[Eubacterium] xylanophilum group	Alanine	0.804025042	0.001621324	0.053503701
1277	[Eubacterium] xylanophilum group	Proline	0.938437927	6.28E-06	0.0029671
1278	[Eubacterium] xylanophilum group	Valine	0.730072464	0.007021558	0.098834258
1279	[Eubacterium] xylanophilum group	Leucine	0.738156591	0.006122171	0.092769637
1280	[Eubacterium] xylanophilum group	Isoleucine	0.776965814	0.002947547	0.068960472
1281	[Eubacterium] xylanophilum group	Glycine	0.694060061	0.012278937	0.120028493
1282	[Eubacterium] xylanophilum group	4-Aminobutyric acid	0.697619343	0.011658884	0.118101659
1283	[Eubacterium] xylanophilum group	Serine	0.775531608	0.003035611	0.068960472
1284	[Eubacterium] xylanophilum group	Threonine	0.907608696	4.53E-05	0.013461274
1285	[Eubacterium] xylanophilum group	Tyrosine	0.580040929	0.048036389	0.240181947
1286	[Eubacterium] xylanophilum group	4-Hydroxyproline	0.765567783	0.003703937	0.070223948
1287	[Eubacterium] xylanophilum group	Lysine	0.766187854	0.003659355	0.070223948
1289	[Eubacterium] xylanophilum group	Pyruvic acid	0.707755968	0.010020075	0.113538157
1290	[Eubacterium] xylanophilum group	Fumaric acid	0.69338025	0.012400089	0.120748404
1291	[Eubacterium] xylanophilum group	Adenine	0.855502226	0.000387251	0.0310685
1298	[Eubacterium] xylanophilum group	Arabinose	0.796209992	0.001943856	0.054983354
1300	[Eubacterium] xylanophilum group	Fructose	0.61265041	0.034183438	0.198290647
1301	[Eubacterium] xylanophilum group	Glucose	0.740330731	0.005895822	0.090260784
1302	[Eubacterium] xylanophilum group	Mannose	0.607344031	0.036213395	0.204086875
1306	Enterorhabdus	Acetic acid 	0.783216783	0.002586215	0.067286671
1307	Enterorhabdus	Propionic acid	0.713286713	0.00920178	0.108845547
1309	Enterorhabdus	Butyric acid	0.769230769	0.00344645	0.070223948
1321	Enterorhabdus	Alanine	0.633976454	0.026840944	0.172123666
1331	Enterorhabdus	4-Hydroxyproline	0.671819535	0.016721729	0.139897283
1334	Enterorhabdus	Pyruvic acid	0.774081748	0.003126656	0.068960472
1335	Enterorhabdus	Fumaric acid	0.612102243	0.034389274	0.198322609
1336	Enterorhabdus	Adenine	0.607427087	0.036180975	0.204086875
1342	Enterorhabdus	Taurine	0.598606393	0.039741281	0.216969859
1346	Enterorhabdus	Glucose	0.769230769	0.00344645	0.070223948
1356	Negativibacillus	Valeric acid	0.58041958	0.047855977	0.240088262
1358	Negativibacillus	HDCA	-0.735269157	0.006432813	0.09434061
1360	Negativibacillus	omega-MCA	-0.65034965	0.022034191	0.158454109
1363	Negativibacillus	HCA	-0.686748858	0.013628822	0.129332644
1399	Ruminococcaceae UCG-009	Butyric acid	-0.587412587	0.044609296	0.228734256
1410	Ruminococcaceae UCG-009	UDCA	0.591312396	0.042867981	0.225321961
1411	Ruminococcaceae UCG-009	Alanine	-0.683013307	0.014359366	0.130819992
1413	Ruminococcaceae UCG-009	Valine	-0.640670825	0.024792334	0.166591021
1416	Ruminococcaceae UCG-009	Glycine	-0.664335664	0.018452718	0.146145527
1417	Ruminococcaceae UCG-009	4-Aminobutyric acid	-0.594405594	0.041521494	0.221013965
1419	Ruminococcaceae UCG-009	Threonine	-0.683382213	0.014285964	0.130819992
1421	Ruminococcaceae UCG-009	4-Hydroxyproline	-0.578511266	0.048770089	0.242625066
1424	Ruminococcaceae UCG-009	Pyruvic acid	-0.581436969	0.047373596	0.239285001
1425	Ruminococcaceae UCG-009	Fumaric acid	-0.720339834	0.00823184	0.104481044
1432	Ruminococcaceae UCG-009	Taurine	-0.873261091	0.000207389	0.026780236
1437	Ruminococcaceae UCG-009	Mannose	-0.642526398	0.024245157	0.166591021
1438	Ruminococcaceae UCG-009	Galactose-talose	-0.719759493	0.008308624	0.105006866
1477	GCA-900066575	Taurine	-0.654945818	0.020805857	0.15691073
1483	GCA-900066575	Galactose-talose	-0.703117655	0.010747098	0.116471677
1493	Turicibacter	HDCA	0.790510161	0.002208466	0.061136224
1495	Turicibacter	omega-MCA	0.815450062	0.00122559	0.047611899
1498	Turicibacter	HCA	0.826038708	0.00092952	0.046324428
1517	Turicibacter	Niacin	0.703117655	0.010747098	0.116471677
1524	Turicibacter	Sucrose	0.782166386	0.002644434	0.067286671
1529	Turicibacter	Maltose	0.753043169	0.004695862	0.078794979
1555	Marvinbryantia	Tyrosine	-0.639692501	0.025084403	0.167356898
1579	Ruminococcaceae UCG-010	Butyric acid	-0.664335664	0.018452718	0.146145527
1589	Ruminococcaceae UCG-010	alpha-MCA	0.643356643	0.024003191	0.165789483
1590	Ruminococcaceae UCG-010	UDCA	0.650443636	0.022008557	0.158454109
1591	Ruminococcaceae UCG-010	Alanine	-0.742558056	0.005670529	0.088639318
1592	Ruminococcaceae UCG-010	Proline	-0.877097726	0.00017904	0.026587452
1593	Ruminococcaceae UCG-010	Valine	-0.654907955	0.020815767	0.15691073
1594	Ruminococcaceae UCG-010	Leucine	-0.660884295	0.019293714	0.149614439
1595	Ruminococcaceae UCG-010	Isoleucine	-0.794986449	0.001998495	0.055995558
1596	Ruminococcaceae UCG-010	Glycine	-0.629370629	0.028319671	0.174500879
1597	Ruminococcaceae UCG-010	4-Aminobutyric acid	-0.657342657	0.020185499	0.153720335
1598	Ruminococcaceae UCG-010	Serine	-0.605810604	0.03681569	0.205918265
1599	Ruminococcaceae UCG-010	Threonine	-0.839990637	0.000627337	0.040504137
1601	Ruminococcaceae UCG-010	4-Hydroxyproline	-0.675551865	0.015904516	0.138523202
1602	Ruminococcaceae UCG-010	Lysine	-0.624168501	0.030059525	0.182197527
1604	Ruminococcaceae UCG-010	Pyruvic acid	-0.669002777	0.017358586	0.140860656
1605	Ruminococcaceae UCG-010	Fumaric acid	-0.742733819	0.005653031	0.088639318
1606	Ruminococcaceae UCG-010	Adenine	-0.765524548	0.003707061	0.070223948
1610	Ruminococcaceae UCG-010	Hydroxypropionic acid	-0.701819726	0.010957379	0.116471677
1612	Ruminococcaceae UCG-010	Taurine	-0.669030674	0.017352193	0.140860656
1613	Ruminococcaceae UCG-010	Arabinose	-0.8320919	0.000787114	0.046324428
1617	Ruminococcaceae UCG-010	Mannose	-0.734315883	0.006537925	0.09434061
1618	Ruminococcaceae UCG-010	Galactose-talose	-0.594945708	0.041289495	0.221013965
1621	Ruminiclostridium 5	Acetic acid 	-0.762237762	0.003950449	0.073195663
1622	Ruminiclostridium 5	Propionic acid	-0.804195804	0.001614769	0.053503701
1624	Ruminiclostridium 5	Butyric acid	-0.706293706	0.010245194	0.113538157
1636	Ruminiclostridium 5	Alanine	-0.781087012	0.002705296	0.067286671
1638	Ruminiclostridium 5	Valine	-0.736771449	0.006269748	0.094046218
1639	Ruminiclostridium 5	Leucine	-0.642526398	0.024245157	0.166591021
1640	Ruminiclostridium 5	Isoleucine	-0.727804496	0.007290796	0.09929289
1641	Ruminiclostridium 5	Glycine	-0.769230769	0.00344645	0.070223948
1642	Ruminiclostridium 5	4-Aminobutyric acid	-0.797202797	0.001900368	0.054270117
1643	Ruminiclostridium 5	Serine	-0.624168501	0.030059525	0.182197527
1644	Ruminiclostridium 5	Threonine	-0.715415755	0.008900465	0.108783462
1646	Ruminiclostridium 5	4-Hydroxyproline	-0.79871878	0.001835405	0.054270117
1647	Ruminiclostridium 5	Lysine	-0.605810604	0.03681569	0.205918265
1649	Ruminiclostridium 5	Pyruvic acid	-0.637479086	0.025754387	0.168495144
1650	Ruminiclostridium 5	Fumaric acid	-0.858436072	0.000351313	0.030989243
1651	Ruminiclostridium 5	Adenine	-0.669833979	0.017168835	0.140086374
1657	Ruminiclostridium 5	Taurine	-0.866218663	0.000268443	0.027492257
1658	Ruminiclostridium 5	Arabinose	-0.678154898	0.015352227	0.135702718
1661	Ruminiclostridium 5	Glucose	-0.678321678	0.015317329	0.135702718
1662	Ruminiclostridium 5	Mannose	-0.614989552	0.033314998	0.194774691
1663	Ruminiclostridium 5	Galactose-talose	-0.778005926	0.002884909	0.068709632
1666	Ruminococcaceae UCG-004	Acetic acid 	-0.651489616	0.021724735	0.158454109
1667	Ruminococcaceae UCG-004	Propionic acid	-0.65849488	0.019892134	0.153109925
1669	Ruminococcaceae UCG-004	Butyric acid	-0.588442233	0.044144774	0.228734256
1680	Ruminococcaceae UCG-004	UDCA	0.592348878	0.042413399	0.224942491
1681	Ruminococcaceae UCG-004	Alanine	-0.845614035	0.000529834	0.035763821
1683	Ruminococcaceae UCG-004	Valine	-0.866421663	0.000266507	0.027492257
1686	Ruminococcaceae UCG-004	Glycine	-0.819615968	0.00110155	0.047611899
1687	Ruminococcaceae UCG-004	4-Aminobutyric acid	-0.753065953	0.004693893	0.078794979
1689	Ruminococcaceae UCG-004	Threonine	-0.702407686	0.010861747	0.116471677
1691	Ruminococcaceae UCG-004	4-Hydroxyproline	-0.755252339	0.0045078	0.07738824
1694	Ruminococcaceae UCG-004	Pyruvic acid	-0.652631579	0.021417923	0.158454109
1695	Ruminococcaceae UCG-004	Fumaric acid	-0.800118814	0.001776934	0.054270117
1697	Ruminococcaceae UCG-004	Niacin	-0.630473822	0.02796026	0.174500879
1702	Ruminococcaceae UCG-004	Taurine	-0.924175194	1.74E-05	0.006445901
1706	Ruminococcaceae UCG-004	Glucose	-0.781087012	0.002705296	0.067286671
1708	Ruminococcaceae UCG-004	Galactose-talose	-0.639749957	0.025067181	0.167356898
1709	Ruminococcaceae UCG-004	Maltose	-0.581436969	0.047373596	0.239285001
1742	Acetatifactor	Niacin	0.595447498	0.041074783	0.221013965
1749	Acetatifactor	Sucrose	0.640981719	0.024700038	0.166591021
1764	Anaerotruncus	beta-MCA	0.714536998	0.009023925	0.108845547
1766	Anaerotruncus	CA	0.589073501	0.043861677	0.228734256
1771	Anaerotruncus	Alanine	-0.649122807	0.022370803	0.159714628
1772	Anaerotruncus	Proline	-0.721602482	0.008066615	0.103266576
1773	Anaerotruncus	Valine	-0.666752474	0.017880016	0.144696587
1775	Anaerotruncus	Isoleucine	-0.766468957	0.003639279	0.070223948
1776	Anaerotruncus	Glycine	-0.704029101	0.010601235	0.116471677
1777	Anaerotruncus	4-Aminobutyric acid	-0.707531733	0.010054355	0.113538157
1779	Anaerotruncus	Threonine	-0.688145601	0.013362851	0.128024735
1787	Anaerotruncus	Niacin	-0.602452763	0.038159476	0.211443363
1792	Anaerotruncus	Taurine	-0.677258157	0.015540869	0.136962553
1796	Anaerotruncus	Glucose	-0.690018571	0.013012243	0.125069134
1799	Anaerotruncus	Maltose	-0.647986983	0.022685764	0.160431054
1800	A2	Formic acid 	0.619965924	0.031520226	0.188360305
1853	Akkermansia	HDCA	-0.706637099	0.010191993	0.113538157
1855	Akkermansia	omega-MCA	-0.640860962	0.024735858	0.166591021
1858	Akkermansia	HCA	-0.691602267	0.012721135	0.123067658
1898	Lachnospiraceae UCG-006	HDCA	0.620186815	0.031442206	0.188272887
1900	Lachnospiraceae UCG-006	omega-MCA	0.633818534	0.026890701	0.172123666
1903	Lachnospiraceae UCG-006	HCA	0.661532603	0.019133644	0.149544534
1922	Lachnospiraceae UCG-006	Niacin	0.802836809	0.001667506	0.054270117
1929	Lachnospiraceae UCG-006	Sucrose	0.577479108	0.049269593	0.24429164
1934	Lachnospiraceae UCG-006	Maltose	0.640860962	0.024735858	0.166591021
1936	Lachnospiraceae FCS020 group	Acetic acid 	-0.651348672	0.021762823	0.158454109
1937	Lachnospiraceae FCS020 group	Propionic acid	-0.637111543	0.025866881	0.168495144
1939	Lachnospiraceae FCS020 group	Butyric acid	-0.672704366	0.016525263	0.139013541
1951	Lachnospiraceae FCS020 group	Alanine	-0.752324983	0.004758259	0.079393424
1952	Lachnospiraceae FCS020 group	Proline	-0.624992061	0.029779091	0.182197527
1953	Lachnospiraceae FCS020 group	Valine	-0.717391304	0.00862752	0.106765557
1955	Lachnospiraceae FCS020 group	Isoleucine	-0.699079265	0.011411393	0.117679994
1956	Lachnospiraceae FCS020 group	Glycine	-0.758127143	0.00427167	0.075052573
1957	Lachnospiraceae FCS020 group	4-Aminobutyric acid	-0.715415755	0.008900465	0.108783462
1959	Lachnospiraceae FCS020 group	Threonine	-0.717391304	0.00862752	0.106765557
1961	Lachnospiraceae FCS020 group	4-Hydroxyproline	-0.615493701	0.033129917	0.194308888
1964	Lachnospiraceae FCS020 group	Pyruvic acid	-0.709538728	0.009750622	0.111382103
1965	Lachnospiraceae FCS020 group	Fumaric acid	-0.759868767	0.004133248	0.073950275
1970	Lachnospiraceae FCS020 group	Hydroxypropionic acid	-0.658854671	0.01980117	0.153109925
1972	Lachnospiraceae FCS020 group	Taurine	-0.9104469	3.90E-05	0.012859351
1973	Lachnospiraceae FCS020 group	Arabinose	-0.641626669	0.024509365	0.166591021
1976	Lachnospiraceae FCS020 group	Glucose	-0.594400154	0.041523836	0.221013965
1977	Lachnospiraceae FCS020 group	Mannose	-0.672750311	0.016515109	0.139013541
1978	Lachnospiraceae FCS020 group	Galactose-talose	-0.81315063	0.001298506	0.047611899
1979	Lachnospiraceae FCS020 group	Maltose	-0.640670825	0.024792334	0.166591021
2026	Peptococcus	Acetic acid 	-0.672704366	0.016525263	0.139013541
2027	Peptococcus	Propionic acid	-0.640670825	0.024792334	0.166591021
2029	Peptococcus	Butyric acid	-0.597959437	0.040011845	0.218046204
2041	Peptococcus	Alanine	-0.820069887	0.001088643	0.047611899
2042	Peptococcus	Proline	-0.721875328	0.00803124	0.103258794
2043	Peptococcus	Valine	-0.800724638	0.00175208	0.054270117
2045	Peptococcus	Isoleucine	-0.801661549	0.001714169	0.054270117
2046	Peptococcus	Glycine	-0.736771449	0.006269748	0.094046218
2047	Peptococcus	4-Aminobutyric acid	-0.747449296	0.005198584	0.084370464
2049	Peptococcus	Threonine	-0.721014493	0.008143245	0.103800161
2051	Peptococcus	4-Hydroxyproline	-0.647788124	0.022741237	0.160431054
2054	Peptococcus	Pyruvic acid	-0.71310425	0.009227952	0.108845547
2055	Peptococcus	Fumaric acid	-0.74277172	0.005649263	0.088639318
2056	Peptococcus	Adenine	-0.590804755	0.043091877	0.225321961
2057	Peptococcus	Niacin	-0.580163025	0.047978163	0.240181947
2060	Peptococcus	Hydroxypropionic acid	-0.686637699	0.013650156	0.129332644
2062	Peptococcus	Taurine	-0.828004858	0.00088125	0.046324428
2063	Peptococcus	Arabinose	-0.679743105	0.01502227	0.135311834
2066	Peptococcus	Glucose	-0.715415755	0.008900465	0.108783462
2067	Peptococcus	Mannose	-0.672750311	0.016515109	0.139013541
2068	Peptococcus	Galactose-talose	-0.654332148	0.0209669	0.157649855
2086	[Eubacterium] oxidoreducens group	Alanine	-0.641984295	0.024404098	0.166591021
2088	[Eubacterium] oxidoreducens group	Valine	-0.6559519	0.020543789	0.156048733
2091	[Eubacterium] oxidoreducens group	Glycine	-0.661988246	0.019021727	0.149062081
2092	[Eubacterium] oxidoreducens group	4-Aminobutyric acid	-0.612691249	0.034168139	0.198290647
2094	[Eubacterium] oxidoreducens group	Threonine	-0.648783027	0.022464687	0.160000292
2100	[Eubacterium] oxidoreducens group	Fumaric acid	-0.582599736	0.046826494	0.237734506
2107	[Eubacterium] oxidoreducens group	Taurine	-0.744680851	0.005461904	0.086747894
2112	[Eubacterium] oxidoreducens group	Mannose	-0.610092004	0.035151708	0.20232669
2113	[Eubacterium] oxidoreducens group	Galactose-talose	-0.666188123	0.018012566	0.145373151
2118	Ruminococcaceae UCG-005	Isobutyric acid	-0.662026519	0.019012348	0.149062081
2120	Ruminococcaceae UCG-005	Isovaleric acid	-0.679822931	0.015005825	0.135311834
2131	Ruminococcaceae UCG-005	Alanine	0.584745485	0.045828602	0.233066693
2132	Ruminococcaceae UCG-005	Proline	0.586998622	0.044797026	0.228996845
2137	Ruminococcaceae UCG-005	4-Aminobutyric acid	0.58728159	0.044668642	0.228734256
2139	Ruminococcaceae UCG-005	Threonine	0.701086957	0.011077439	0.117081828
2140	Ruminococcaceae UCG-005	Tyrosine	0.651178024	0.021809004	0.158454109
2150	Ruminococcaceae UCG-005	Hydroxypropionic acid	0.587412598	0.044609292	0.228734256
2161	Erysipelatoclostridium	Acetic acid 	0.70336037	0.01070811	0.116471677
2162	Erysipelatoclostridium	Propionic acid	0.645351268	0.023429051	0.164113871
2164	Erysipelatoclostridium	Butyric acid	0.630848992	0.027838786	0.174500879
2168	Erysipelatoclostridium	HDCA	-0.654047102	0.021042012	0.157815088
2170	Erysipelatoclostridium	omega-MCA	-0.768620611	0.003488367	0.070223948
2174	Erysipelatoclostridium	alpha-MCA	-0.681606957	0.014641746	0.132984666
2176	Erysipelatoclostridium	Alanine	0.653746319	0.021121483	0.158012102
2177	Erysipelatoclostridium	Proline	0.77789034	0.00289182	0.068709632
2179	Erysipelatoclostridium	Leucine	0.78045701	0.002741309	0.067286671
2180	Erysipelatoclostridium	Isoleucine	0.770150138	0.003384015	0.070223948
2183	Erysipelatoclostridium	Serine	0.761421473	0.00401273	0.073195663
2184	Erysipelatoclostridium	Threonine	0.586815754	0.044880132	0.229027479
2185	Erysipelatoclostridium	Tyrosine	0.674453273	0.016141937	0.139013541
2186	Erysipelatoclostridium	4-Hydroxyproline	0.623086292	0.030430914	0.18405537
2187	Erysipelatoclostridium	Lysine	0.78045701	0.002741309	0.067286671
2189	Erysipelatoclostridium	Pyruvic acid	0.661010167	0.019262559	0.149614439
2190	Erysipelatoclostridium	Fumaric acid	0.599865685	0.039218363	0.215302291
2191	Erysipelatoclostridium	Adenine	0.806724234	0.001520066	0.052495292
2198	Erysipelatoclostridium	Arabinose	0.798096168	0.001861876	0.054270117
2200	Erysipelatoclostridium	Fructose	0.593984962	0.041702811	0.221569497
2202	Erysipelatoclostridium	Mannose	0.618654947	0.031986135	0.189997644
2258	Ruminococcus 1	HDCA	0.701688795	0.01097876	0.116471677
2260	Ruminococcus 1	omega-MCA	0.782166386	0.002644434	0.067286671
2263	Ruminococcus 1	HCA	0.870449391	0.0002303	0.027238744
2282	Ruminococcus 1	Niacin	0.753043169	0.004695862	0.078794979
2289	Ruminococcus 1	Sucrose	0.815450062	0.00122559	0.047611899
2294	Ruminococcus 1	Maltose	0.74472225	0.005457894	0.086747894
2356	Gordonibacter	Alanine	0.603508772	0.037733163	0.209471951
2357	Gordonibacter	Proline	0.579525309	0.048282831	0.240604039
2358	Gordonibacter	Valine	0.591876527	0.042620137	0.225321961
2360	Gordonibacter	Isoleucine	0.635608404	0.026330652	0.169635655
2364	Gordonibacter	Threonine	0.634662782	0.026625474	0.171163762
2366	Gordonibacter	4-Hydroxyproline	0.729080228	0.007138415	0.09929289
2370	Gordonibacter	Fumaric acid	0.631869531	0.02751028	0.174500879
2371	Gordonibacter	Adenine	0.633498328	0.026991793	0.172399196
2381	Gordonibacter	Glucose	0.746060689	0.005329435	0.085559034
2419	Butyricicoccus	3-Indoleacetic acid	1	0	0
2427	Butyricicoccus	Mannose	0.630547668	0.027936319	0.174500879
2433	Ruminiclostridium 6	Isobutyric acid	-0.670063243	0.017116767	0.140086374
2438	Ruminiclostridium 6	HDCA	0.627074391	0.029078439	0.178523555
2440	Ruminiclostridium 6	omega-MCA	0.697600089	0.011662174	0.118101659
2442	Ruminiclostridium 6	LCA	0.630547668	0.027936319	0.174500879
2443	Ruminiclostridium 6	HCA	0.813237101	0.001295705	0.047611899
2462	Ruminiclostridium 6	Niacin	0.596631655	0.040571236	0.219084674
2469	Ruminiclostridium 6	Sucrose	0.624168501	0.030059525	0.182197527
2488	Harryflintia	HCA	-0.651394422	0.021750454	0.158454109
2490	Harryflintia	UDCA	0.694313843	0.012233935	0.120028493
2491	Harryflintia	Alanine	-0.714124736	0.009082284	0.108845547
2493	Harryflintia	Valine	-0.725674672	0.007550613	0.099812292
2496	Harryflintia	Glycine	-0.675551865	0.015904516	0.138523202
2497	Harryflintia	4-Aminobutyric acid	-0.612102243	0.034389274	0.198322609
2499	Harryflintia	Threonine	-0.702878609	0.010785599	0.116471677
2505	Harryflintia	Fumaric acid	-0.663346614	0.01869092	0.147638386
2507	Harryflintia	Niacin	-0.582243597	0.046993588	0.238175691
2512	Harryflintia	Taurine	-0.830674462	0.000818834	0.046324428
2518	Harryflintia	Galactose-talose	-0.639513838	0.025138009	0.167356898
2519	Harryflintia	Maltose	-0.641960889	0.024410978	0.166591021
2543	Faecalitalea	Serine	0.606168341	0.036674544	0.205918265
2546	Faecalitalea	4-Hydroxyproline	0.579559416	0.048266502	0.240604039
2551	Faecalitalea	Adenine	0.70049505	0.01117513	0.117279638
2575	Family XIII AD3011 group	omega-MCA	-0.652602405	0.021425722	0.158454109
2597	Family XIII AD3011 group	Niacin	-0.609095578	0.035534073	0.203270962
2604	Family XIII AD3011 group	Sucrose	-0.775871749	0.003014547	0.068960472
2609	Family XIII AD3011 group	Maltose	-0.645351268	0.023429051	0.164113871
2736	Lachnospiraceae UCG-001	5-Hydroxy-3-indoleacetate	0.604267319	0.037429038	0.20817274
2749	Anaerofustis	Butyric acid	0.650443636	0.022008557	0.158454109
2752	Anaerofustis	DCA	-0.639692501	0.025084403	0.167356898
2755	Anaerofustis	omega-MCA	-0.650443636	0.022008557	0.158454109
2759	Anaerofustis	alpha-MCA	-0.650443636	0.022008557	0.158454109
2762	Anaerofustis	Proline	0.631194403	0.027727285	0.174500879
2764	Anaerofustis	Leucine	0.670311818	0.017060444	0.140086374
2765	Anaerofustis	Isoleucine	0.631194403	0.027727285	0.174500879
2767	Anaerofustis	4-Aminobutyric acid	0.591312396	0.042867981	0.225321961
2768	Anaerofustis	Serine	0.853765578	0.000409831	0.031210198
2769	Anaerofustis	Threonine	0.601929265	0.038372079	0.212021607
2771	Anaerofustis	4-Hydroxyproline	0.694313843	0.012233935	0.120028493
2772	Anaerofustis	Lysine	0.776150526	0.002997366	0.068960472
2776	Anaerofustis	Adenine	0.773957299	0.003134567	0.068960472
2779	Anaerofustis	3-Indoleacetic acid	0.604267319	0.037429038	0.20817274
2786	Anaerofustis	Glucose	0.650443636	0.022008557	0.158454109
2869	uncultured Firmicutes bacterium	3-Indoleacetic acid	1	0	0
2877	uncultured Firmicutes bacterium	Mannose	0.630547668	0.027936319	0.174500879